"项目名称","wischosgift"
"日期范围","04/20/2026 00:00 - 04/20/2026 23:59"


"会话总数","4"

"日期","时间","会话持续时间","入口 URL","出口 URL","引用者:","Clarity 用户 ID","浏览器","设备","操作系统","国家/地区","页数","会话点击次数","收藏","录制链接"
"04/20/2026","06:38","00:10","https://wischosgift.com/landing/executive-gift-set?gad_source=1&gad_campaignid=23763316514&gclid=Cj0KCQjw-pHPBhCdARIsAHXYWP-Q1GDZCbdjJVkHLnxIjA1tdRcSivA9azwGS3DjjMY5XvO5-Eblt4IaApTcEALw_wcB","https://wischosgift.com/landing/executive-gift-set?gad_source=1&gad_campaignid=23763316514&gclid=Cj0KCQjw-pHPBhCdARIsAHXYWP-Q1GDZCbdjJVkHLnxIjA1tdRcSivA9azwGS3DjjMY5XvO5-Eblt4IaApTcEALw_wcB","https://www.google.com/","lswosu","GoogleApp","Mobile","iOS","Canada","1","1","假","https://clarity.microsoft.com/player/w6z70dz6w4/lswosu/1qgj9of/?ss=1776638283000&sd=10"
"04/20/2026","04:02","00:09","https://wischosgift.com/landing/executive-gift-set?gad_source=1&gad_campaignid=23763316514&gbraid=0AAAABDaYfjNlfC9PPcgD3f4DRYp-dSmKM&gclid=EAIaIQobChMI9fHTlNf6kwMV1lBHAR3-9Cn_EAAYASAAEgII7PD_BwE","https://wischosgift.com/landing/executive-gift-set?gad_source=1&gad_campaignid=23763316514&gbraid=0AAAABDaYfjNlfC9PPcgD3f4DRYp-dSmKM&gclid=EAIaIQobChMI9fHTlNf6kwMV1lBHAR3-9Cn_EAAYASAAEgII7PD_BwE","https://www.google.com/","q9s5dn","Chrome","PC","Windows","Canada","1","0","假","https://clarity.microsoft.com/player/w6z70dz6w4/q9s5dn/1sxzqk3/?ss=1776628934000&sd=9"
"04/20/2026","02:41","00:06","https://wischosgift.com/landing/executive-gift-set?gad_source=1&gad_campaignid=23763316514&gbraid=0AAAABDaYfjNti5IX4cxEt8vvK6O6M9h1i&gclid=Cj0KCQjw-pHPBhCdARIsAHXYWP_mzod-stX_U8SF8Wm757ce5-qzFEQROGzaV5fXdj2o-bM3SCqeIq8aAplMEALw_wcB","https://wischosgift.com/landing/executive-gift-set?gad_source=1&gad_campaignid=23763316514&gbraid=0AAAABDaYfjNti5IX4cxEt8vvK6O6M9h1i&gclid=Cj0KCQjw-pHPBhCdARIsAHXYWP_mzod-stX_U8SF8Wm757ce5-qzFEQROGzaV5fXdj2o-bM3SCqeIq8aAplMEALw_wcB","https://www.google.com/","1noc79y","MobileSafari","Mobile","iOS","Canada","1","0","假","https://clarity.microsoft.com/player/w6z70dz6w4/1noc79y/1lg6vsx/?ss=1776624109000&sd=6"
"04/20/2026","02:22","01:00","https://wischosgift.com/?gad_source=1&gad_campaignid=23763316514&gbraid=0AAAABDaYfjNlfC9PPcgD3f4DRYp-dSmKM&gclid=EAIaIQobChMIhLrlp8L6kwMV4ET_AR1fWAbsEAMYASAAEgLH3fD_BwE","https://wischosgift.com/?gad_source=1&gad_campaignid=23763316514&gbraid=0AAAABDaYfjNlfC9PPcgD3f4DRYp-dSmKM&gclid=EAIaIQobChMIhLrlp8L6kwMV4ET_AR1fWAbsEAMYASAAEgLH3fD_BwE","https://www.google.com/","11ifdfz","Chrome","PC","MacOS","Canada","1","2","假","https://clarity.microsoft.com/player/w6z70dz6w4/11ifdfz/4bpo3a/?ss=1776622950000&sd=60"
